{
	"schemaVersion": 1,
	"id": "sydney",
	"version": "${version}",
	"name": "TROLLHACK",
	"description": "TROLLHACK is a Minecraft utility mod aimed at anarchy servers, giving you useful features for combat and utility.",
	"authors": [
		"Aidan",
		"p4nda",
		"TheNano"
	],
	"contact": {
		"homepage": "https://fabricmc.net/",
		"sources": "https://github.com/FabricMC/fabric-example-mod"
	},
	"license": "GPL-3.0",
	"icon": "assets/sydney/icon.png",
	"environment": "*",
	"accessWidener" : "sydney.accesswidener",
	"entrypoints": {
		"main": [
			"me.aidan.sydney.Sydney"
		]
	},
	"mixins": [
		"sydney.mixins.json"
	],
	"depends": {
		"fabricloader": ">=0.16.2",
		"minecraft": "~1.21.4",
		"java": ">=21",
		"fabric-api": "*"
	}
}