{
  "required": true,
  "package": "me.aidan.sydney.mixins",
  "compatibilityLevel": "JAVA_21",
  "mixins": [
    "BlockBreakingInfoMixin",
    "BlockMixin",
    "ClientConnectionMixin",
    "CobwebBlockMixin",
    "EntityMixin",
    "FireworkRocketEntityMixin",
    "FishingBobberEntityMixin",
    "LimbAnimatorMixin",
    "LivingEntityMixin",
    "MinecraftClientMixin",
    "PlayerEntityMixin",
    "PropertiesMixin",
    "SlimeBlockMixin",
    "TextVisitFactoryMixin",
    "accessors.CustomPayloadC2SPacketAccessor",
    "accessors.EntityAccessor",
    "accessors.EntityVelocityUpdateS2CPacketAccessor",
    "accessors.LimbAnimatorAccessor",
    "accessors.PlayerInteractEntityC2SPacketAccessor",
    "accessors.PlayerMoveC2SPacketAccessor",
    "accessors.PlayerPositionAccessor",
    "accessors.StyleAccessor",
    "accessors.TextColorAccessor",
    "accessors.Vec3dAccessor"
  ],
  "injectors": {
    "defaultRequire": 1
  },
  "client": [
    "AbstractSignBlockEntityRendererMixin",
    "ArmorFeatureRendererMixin",
    "BackgroundRendererMixin",
    "BlockEntityRenderDispatcherMixin",
    "BossBarHudMixin",
    "CameraMixin",
    "ChatHudLineMixin",
    "ChatHudLineVisibleMixin",
    "ChatHudMixin",
    "ChatScreenMixin",
    "ClientPlayerEntityMixin",
    "ClientPlayerInteractionManagerMixin",
    "ClientPlayNetworkHandlerMixin",
    "ClientWorldMixin",
    "ConnectScreenMixin",
    "DisconnectedScreenMixin",
    "DownloadingTerrainScreenMixin",
    "DrawContextMixin",
    "EndCrystalEntityModelMixin",
    "EndCrystalEntityRendererMixin",
    "EntityRenderDispatcherMixin",
    "EntityRendererMixin",
    "GameRendererMixin",
    "GlyphMixin",
    "HandledScreenMixin",
    "HeldItemRendererMixin",
    "InactivityFpsLimiterMixin",
    "InGameHudMixin",
    "InGameOverlayRendererMixin",
    "ItemRendererMixin",
    "KeyboardInputMixin",
    "KeyboardMixin",
    "LightmapTextureManagerMixin",
    "LivingEntityRendererMixin",
    "ModelMixin",
    "MouseMixin",
    "ParticleManagerMixin",
    "PlayerListEntryMixin",
    "PlayerListHudMixin",
    "RenderLayerMultiPhaseMixin",
    "RenderLayerMultiPhaseParametersMixin",
    "RenderTickCounterDynamicMixin",
    "ScreenMixin",
    "TextRendererMixin",
    "TitleScreenMixin",
    "WorldRendererMixin",
    "accessors.ChatHudAccessor",
    "accessors.ClientPlayerEntityAccessor",
    "accessors.ClientPlayerInteractionManagerAccessor",
    "accessors.ClientWorldAccessor",
    "accessors.CreativeInventoryScreenAccessor",
    "accessors.DrawContextAccessor",
    "accessors.GameRendererAccessor",
    "accessors.ItemRendererAccessor",
    "accessors.ItemRenderStateAccessor",
    "accessors.LayerRenderStateAccessor",
    "accessors.MinecraftClientAccessor",
    "accessors.ModelPartAccessor",
    "accessors.ModelPartCuboidAccessor",
    "accessors.MouseAccessor",
    "accessors.NativeImageAccessor",
    "accessors.PostEffectProcessorAccessor",
    "accessors.RenderLayerMultiPhaseAccessor",
    "accessors.RenderLayerMultiPhaseParametersAccessor",
    "accessors.RenderPhaseTextureBaseAccessor",
    "accessors.TextRendererAccessor",
    "accessors.WorldRendererAccessor"
  ]
}