{
  "targets": {
    "swap": {}
  },
  "passes": [
    {
      "program": "sydney:program/outline",
      "inputs": [
        {
          "sampler_name": "In",
          "target": "minecraft:main",
          "bilinear": true
        }
      ],
      "output": "swap",
      "uniforms": []
    },
    {
      "program": "minecraft:post/blit",
      "inputs": [
        {
          "sampler_name": "In",
          "target": "swap",
          "bilinear": true
        }
      ] ,
      "output": "minecraft:main",
      "uniforms": []
    }
  ]
}