{
  "blend": {
    "func": "add",
    "srcrgb": "srcalpha",
    "dstrgb": "1-srcalpha"
  },
  "vertex": "minecraft:post/sobel",
  "fragment": "sydney:program/outline",
  "attributes": [ "Position" ],
  "samplers": [{ "name": "DiffuseSampler" }],
  "uniforms": [
    { "name": "ProjMat", "type": "matrix4x4", "count": 16, "values": [ 1.0, 0.0, 0.0, 0.0, 0.0, 1.0, 0.0, 0.0, 0.0, 0.0, 1.0, 0.0, 0.0, 0.0, 0.0, 1.0 ] },
    { "name": "InSize", "type": "float", "count": 2, "values": [ 1.0, 1.0 ] },
    { "name": "OutSize", "type": "float", "count": 2, "values": [ 1.0, 1.0 ] },
    { "name": "RenderMode", "type": "int",  "count": 1, "values": [ 1.0 ] },
    { "name": "FillOpacity", "type": "float",  "count": 1, "values": [ 1.0 ] }
  ]
}